
{
  "header": {
    "reportVersion": 1,
    "event": "Allocation failed - JavaScript heap out of memory",
    "trigger": "FatalError",
    "filename": "report.20200513.143914.9096.0.001.json",
    "dumpEventTime": "2020-05-13T14:39:14Z",
    "dumpEventTimeStamp": "1589360954124",
    "processId": 9096,
    "cwd": "E:\\SARAVANAN_SOURCE\\RattleTech\\Projects\\intelwarehouse-server",
    "commandLine": [
      "C:\\Program Files\\nodejs\\node.exe",
      "server.js"
    ],
    "nodejsVersion": "v12.16.1",
    "wordSize": 64,
    "arch": "x64",
    "platform": "win32",
    "componentVersions": {
      "node": "12.16.1",
      "v8": "7.8.279.23-node.31",
      "uv": "1.34.0",
      "zlib": "1.2.11",
      "brotli": "1.0.7",
      "ares": "1.15.0",
      "modules": "72",
      "nghttp2": "1.40.0",
      "napi": "5",
      "llhttp": "2.0.4",
      "http_parser": "2.9.3",
      "openssl": "1.1.1d",
      "cldr": "35.1",
      "icu": "64.2",
      "tz": "2019c",
      "unicode": "12.1"
    },
    "release": {
      "name": "node",
      "lts": "Erbium",
      "headersUrl": "https://nodejs.org/download/release/v12.16.1/node-v12.16.1-headers.tar.gz",
      "sourceUrl": "https://nodejs.org/download/release/v12.16.1/node-v12.16.1.tar.gz",
      "libUrl": "https://nodejs.org/download/release/v12.16.1/win-x64/node.lib"
    },
    "osName": "Windows_NT",
    "osRelease": "10.0.18363",
    "osVersion": "Windows 10 Pro",
    "osMachine": "x86_64",
    "cpus": [
      {
        "model": "Intel(R) Core(TM) i5-3320M CPU @ 2.60GHz",
        "speed": 2594,
        "user": 46023734,
        "nice": 0,
        "sys": 43223703,
        "idle": 429428093,
        "irq": 2946203
      },
      {
        "model": "Intel(R) Core(TM) i5-3320M CPU @ 2.60GHz",
        "speed": 2594,
        "user": 39887234,
        "nice": 0,
        "sys": 29853921,
        "idle": 448934000,
        "irq": 1023875
      },
      {
        "model": "Intel(R) Core(TM) i5-3320M CPU @ 2.60GHz",
        "speed": 2594,
        "user": 49147812,
        "nice": 0,
        "sys": 40753875,
        "idle": 428773453,
        "irq": 451750
      },
      {
        "model": "Intel(R) Core(TM) i5-3320M CPU @ 2.60GHz",
        "speed": 2594,
        "user": 44180203,
        "nice": 0,
        "sys": 30617781,
        "idle": 443877187,
        "irq": 413359
      }
    ],
    "networkInterfaces": [
      {
        "name": "Wi-Fi",
        "internal": false,
        "mac": "a4:4e:31:9f:0d:c0",
        "address": "fe80::e803:9f6d:2a91:7308",
        "netmask": "ffff:ffff:ffff:ffff::",
        "family": "IPv6",
        "scopeid": 17
      },
      {
        "name": "Wi-Fi",
        "internal": false,
        "mac": "a4:4e:31:9f:0d:c0",
        "address": "192.168.43.168",
        "netmask": "255.255.255.0",
        "family": "IPv4"
      },
      {
        "name": "Loopback Pseudo-Interface 1",
        "internal": true,
        "mac": "00:00:00:00:00:00",
        "address": "::1",
        "netmask": "ffff:ffff:ffff:ffff:ffff:ffff:ffff:ffff",
        "family": "IPv6",
        "scopeid": 0
      },
      {
        "name": "Loopback Pseudo-Interface 1",
        "internal": true,
        "mac": "00:00:00:00:00:00",
        "address": "127.0.0.1",
        "netmask": "255.0.0.0",
        "family": "IPv4"
      },
      {
        "name": "vEthernet (Default Switch)",
        "internal": false,
        "mac": "00:15:5d:56:6a:f8",
        "address": "fe80::4c01:eb58:56e0:2998",
        "netmask": "ffff:ffff:ffff:ffff::",
        "family": "IPv6",
        "scopeid": 20
      },
      {
        "name": "vEthernet (Default Switch)",
        "internal": false,
        "mac": "00:15:5d:56:6a:f8",
        "address": "192.168.172.225",
        "netmask": "255.255.255.240",
        "family": "IPv4"
      }
    ],
    "host": "RTLAP05"
  },
  "javascriptStack": {
    "message": "No stack.",
    "stack": [
      "Unavailable."
    ]
  },
  "nativeStack": [
    {
      "pc": "0x00007ff6b38819f9",
      "symbol": "std::basic_ostream<char,std::char_traits<char> >::operator<<+10873"
    },
    {
      "pc": "0x00007ff6b3885e1c",
      "symbol": "std::basic_ostream<char,std::char_traits<char> >::operator<<+28316"
    },
    {
      "pc": "0x00007ff6b3884dd8",
      "symbol": "std::basic_ostream<char,std::char_traits<char> >::operator<<+24152"
    },
    {
      "pc": "0x00007ff6b39834cb",
      "symbol": "v8::base::CPU::has_sse+38363"
    },
    {
      "pc": "0x00007ff6b4199f4e",
      "symbol": "v8::Isolate::ReportExternalAllocationLimitReached+94"
    },
    {
      "pc": "0x00007ff6b4182021",
      "symbol": "v8::SharedArrayBuffer::Externalize+833"
    },
    {
      "pc": "0x00007ff6b404e57c",
      "symbol": "v8::internal::Heap::EphemeronKeyWriteBarrierFromCode+1436"
    },
    {
      "pc": "0x00007ff6b40597d0",
      "symbol": "v8::internal::Heap::ProtectUnprotectedMemoryChunks+1312"
    },
    {
      "pc": "0x00007ff6b40562f4",
      "symbol": "v8::internal::Heap::PageFlagsAreConsistent+3204"
    },
    {
      "pc": "0x00007ff6b404bb13",
      "symbol": "v8::internal::Heap::CollectGarbage+1283"
    },
    {
      "pc": "0x00007ff6b404a184",
      "symbol": "v8::internal::Heap::AddRetainedMap+2452"
    },
    {
      "pc": "0x00007ff6b406b36d",
      "symbol": "v8::internal::Factory::NewFillerObject+61"
    },
    {
      "pc": "0x00007ff6b3dd0c51",
      "symbol": "v8::internal::interpreter::JumpTableTargetOffsets::iterator::operator=+1665"
    },
    {
      "pc": "0x00007ff6b45e4ddd",
      "symbol": "v8::internal::SetupIsolateDelegate::SetupHeap+546637"
    },
    {
      "pc": "0x00000292593acc5d",
      "symbol": ""
    }
  ],
  "javascriptHeap": {
    "totalMemory": 2165788672,
    "totalCommittedMemory": 2165788672,
    "usedMemory": 2157687640,
    "availableMemory": 35568936,
    "memoryLimit": 2197815296,
    "heapSpaces": {
      "read_only_space": {
        "memorySize": 262144,
        "committedMemory": 262144,
        "capacity": 32808,
        "used": 32808,
        "available": 0
      },
      "new_space": {
        "memorySize": 3670016,
        "committedMemory": 3670016,
        "capacity": 1833048,
        "used": 873840,
        "available": 959208
      },
      "old_space": {
        "memorySize": 1844592640,
        "committedMemory": 1844592640,
        "capacity": 1841235816,
        "used": 1840486272,
        "available": 749544
      },
      "code_space": {
        "memorySize": 954368,
        "committedMemory": 954368,
        "capacity": 568416,
        "used": 567904,
        "available": 512
      },
      "map_space": {
        "memorySize": 790528,
        "committedMemory": 790528,
        "capacity": 488400,
        "used": 488400,
        "available": 0
      },
      "large_object_space": {
        "memorySize": 315469824,
        "committedMemory": 315469824,
        "capacity": 315235632,
        "used": 315235632,
        "available": 0
      },
      "code_large_object_space": {
        "memorySize": 49152,
        "committedMemory": 49152,
        "capacity": 2784,
        "used": 2784,
        "available": 0
      },
      "new_large_object_space": {
        "memorySize": 0,
        "committedMemory": 0,
        "capacity": 1833048,
        "used": 0,
        "available": 1833048
      }
    }
  },
  "resourceUsage": {
    "userCpuSeconds": 334.703,
    "kernelCpuSeconds": 15.656,
    "cpuConsumptionPercent": 35.212,
    "maxRss": 2275606528,
    "pageFaults": {
      "IORequired": 1060931,
      "IONotRequired": 0
    },
    "fsActivity": {
      "reads": 389,
      "writes": 5
    }
  },
  "libuv": [
  ],
  "environmentVariables": {
    "ALLUSERSPROFILE": "C:\\ProgramData",
    "APPDATA": "C:\\Users\\Saravanan\\AppData\\Roaming",
    "APPLICATION_INSIGHTS_NO_DIAGNOSTIC_CHANNEL": "true",
    "CommonProgramFiles": "C:\\Program Files\\Common Files",
    "CommonProgramFiles(x86)": "C:\\Program Files (x86)\\Common Files",
    "CommonProgramW6432": "C:\\Program Files\\Common Files",
    "COMPUTERNAME": "RTLAP05",
    "ComSpec": "C:\\WINDOWS\\system32\\cmd.exe",
    "DriverData": "C:\\Windows\\System32\\Drivers\\DriverData",
    "FPS_BROWSER_APP_PROFILE_STRING": "Internet Explorer",
    "FPS_BROWSER_USER_PROFILE_STRING": "Default",
    "HOMEDRIVE": "C:",
    "HOMEPATH": "\\Users\\Saravanan",
    "LOCALAPPDATA": "C:\\Users\\Saravanan\\AppData\\Local",
    "LOGONSERVER": "\\\\RTLAP05",
    "nodejs": "C:\\Program Files\\nodejs",
    "NUMBER_OF_PROCESSORS": "4",
    "OneDrive": "C:\\Users\\Saravanan\\OneDrive",
    "OS": "Windows_NT",
    "Path": "C:\\WINDOWS\\system32;C:\\WINDOWS;C:\\WINDOWS\\System32\\Wbem;C:\\WINDOWS\\System32\\WindowsPowerShell\\v1.0\\;C:\\Program Files\\Microsoft SQL Server\\110\\Tools\\Binn\\;C:\\Program Files (x86)\\Microsoft SQL Server\\110\\Tools\\Binn\\ManagementStudio\\;C:\\Program Files (x86)\\Microsoft SQL Server\\110\\Tools\\Binn\\;C:\\Program Files (x86)\\Microsoft SQL Server\\110\\DTS\\Binn\\;C:\\Program Files\\Microsoft\\Web Platform Installer\\;C:\\WINDOWS\\System32\\OpenSSH\\;E:\\xampp\\php;C:\\ProgramData\\ComposerSetup\\bin;C:\\Program Files\\Git\\cmd;C:\\Program Files\\dotnet\\;C:\\Program Files\\Microsoft SQL Server\\120\\Tools\\Binn\\;C:\\Program Files\\Microsoft SQL Server\\130\\Tools\\Binn\\;C:\\Program Files\\nodejs\\;%AppData%\\npm;C:\\Users\\Saravanan\\AppData\\Local\\Microsoft\\WindowsApps;C:\\Users\\Saravanan\\AppData\\Roaming\\Composer\\vendor\\bin;C:\\Users\\Saravanan\\AppData\\Local\\Programs\\Microsoft VS Code\\bin;C:\\Users\\Saravanan\\.dotnet\\tools;C:\\Users\\Saravanan\\AppData\\Roaming\\npm",
    "PATHEXT": ".COM;.EXE;.BAT;.CMD;.VBS;.VBE;.JS;.JSE;.WSF;.WSH;.MSC;.CPL",
    "PROCESSOR_ARCHITECTURE": "AMD64",
    "PROCESSOR_IDENTIFIER": "Intel64 Family 6 Model 58 Stepping 9, GenuineIntel",
    "PROCESSOR_LEVEL": "6",
    "PROCESSOR_REVISION": "3a09",
    "ProgramData": "C:\\ProgramData",
    "ProgramFiles": "C:\\Program Files",
    "ProgramFiles(x86)": "C:\\Program Files (x86)",
    "ProgramW6432": "C:\\Program Files",
    "PROMPT": "$P$G",
    "PSModulePath": "C:\\Users\\Saravanan\\Documents\\WindowsPowerShell\\Modules;C:\\Program Files\\WindowsPowerShell\\Modules;C:\\WINDOWS\\system32\\WindowsPowerShell\\v1.0\\Modules;C:\\Program Files (x86)\\Microsoft SQL Server\\110\\Tools\\PowerShell\\Modules\\;C:\\Program Files (x86)\\AWS Tools\\PowerShell\\",
    "PUBLIC": "C:\\Users\\Public",
    "SESSIONNAME": "Console",
    "SystemDrive": "C:",
    "SystemRoot": "C:\\WINDOWS",
    "TEMP": "C:\\Users\\SARAVA~1\\AppData\\Local\\Temp",
    "TMP": "C:\\Users\\SARAVA~1\\AppData\\Local\\Temp",
    "USERDOMAIN": "RTLAP05",
    "USERDOMAIN_ROAMINGPROFILE": "RTLAP05",
    "USERNAME": "Saravanan",
    "USERPROFILE": "C:\\Users\\Saravanan",
    "VS110COMNTOOLS": "C:\\Program Files (x86)\\Microsoft Visual Studio 11.0\\Common7\\Tools\\",
    "VS120COMNTOOLS": "C:\\Program Files (x86)\\Microsoft Visual Studio 12.0\\Common7\\Tools\\",
    "VS140COMNTOOLS": "C:\\Program Files (x86)\\Microsoft Visual Studio 14.0\\Common7\\Tools\\",
    "windir": "C:\\WINDOWS",
    "TERM_PROGRAM": "vscode",
    "TERM_PROGRAM_VERSION": "1.45.0",
    "LANG": "en_US.UTF-8",
    "COLORTERM": "truecolor"
  },
  "sharedObjects": [
    "C:\\Program Files\\nodejs\\node.exe",
    "C:\\WINDOWS\\SYSTEM32\\ntdll.dll",
    "C:\\WINDOWS\\System32\\KERNEL32.dll",
    "C:\\Windows\\system32\\hmpalert.dll",
    "C:\\WINDOWS\\System32\\KERNELBASE.dll",
    "C:\\WINDOWS\\System32\\WS2_32.dll",
    "C:\\WINDOWS\\System32\\RPCRT4.dll",
    "C:\\WINDOWS\\System32\\PSAPI.DLL",
    "C:\\WINDOWS\\System32\\ADVAPI32.dll",
    "C:\\WINDOWS\\System32\\msvcrt.dll",
    "C:\\WINDOWS\\System32\\sechost.dll",
    "C:\\WINDOWS\\System32\\USER32.dll",
    "C:\\WINDOWS\\System32\\win32u.dll",
    "C:\\WINDOWS\\System32\\GDI32.dll",
    "C:\\WINDOWS\\System32\\gdi32full.dll",
    "C:\\WINDOWS\\System32\\msvcp_win.dll",
    "C:\\WINDOWS\\System32\\ucrtbase.dll",
    "C:\\WINDOWS\\System32\\CRYPT32.dll",
    "C:\\WINDOWS\\System32\\MSASN1.dll",
    "C:\\WINDOWS\\System32\\bcrypt.dll",
    "C:\\WINDOWS\\SYSTEM32\\dbghelp.dll",
    "C:\\WINDOWS\\SYSTEM32\\IPHLPAPI.DLL",
    "C:\\WINDOWS\\SYSTEM32\\USERENV.dll",
    "C:\\WINDOWS\\System32\\profapi.dll",
    "C:\\WINDOWS\\SYSTEM32\\WINMM.dll",
    "C:\\WINDOWS\\SYSTEM32\\WINMMBASE.dll",
    "C:\\WINDOWS\\System32\\cfgmgr32.dll",
    "C:\\WINDOWS\\System32\\bcryptPrimitives.dll",
    "C:\\WINDOWS\\System32\\IMM32.DLL",
    "C:\\WINDOWS\\system32\\SophosAV\\SOPHOS~1.DLL",
    "C:\\WINDOWS\\System32\\powrprof.dll",
    "C:\\WINDOWS\\System32\\UMPDC.dll",
    "C:\\WINDOWS\\SYSTEM32\\CRYPTBASE.DLL",
    "C:\\WINDOWS\\system32\\uxtheme.dll",
    "C:\\WINDOWS\\System32\\combase.dll",
    "C:\\WINDOWS\\system32\\mswsock.dll",
    "C:\\WINDOWS\\System32\\kernel.appcore.dll",
    "C:\\WINDOWS\\System32\\NSI.dll",
    "C:\\WINDOWS\\SYSTEM32\\dhcpcsvc6.DLL",
    "C:\\WINDOWS\\SYSTEM32\\dhcpcsvc.DLL",
    "C:\\WINDOWS\\SYSTEM32\\DNSAPI.dll",
    "C:\\WINDOWS\\system32\\napinsp.dll",
    "C:\\WINDOWS\\system32\\pnrpnsp.dll",
    "C:\\WINDOWS\\System32\\winrnr.dll",
    "C:\\WINDOWS\\system32\\NLAapi.dll",
    "C:\\WINDOWS\\system32\\wshbth.dll",
    "C:\\Windows\\System32\\rasadhlp.dll",
    "C:\\WINDOWS\\System32\\fwpuclnt.dll"
  ]
}